SN,Name,City

2, Marie, California

2, Marie, California



2, Marie, California







2, Marie, California















2, Marie, California































2, Marie, California































































2, Marie, California































































































































2, Marie, California































































































































































































































































2, Marie, California































































































































































































































































































































































































































































































































2, Marie, California































































































































































































































































































































































































































































































































3,Brad,Texas































































































































































































































































































































































































































































































































4, Danny, New York































































































































































































































































































































































































































































































































4, Danny, New York































































































































































































































































4, Danny, New York































































































































4, Danny, New York































































4, Danny, New York































4, Danny, New York















4, Danny, New York







4, Danny, New York



4, Danny, New York

4, Danny, New York
